time,latitude,longitude,depth,mag,magType,nst,gap,dmin,rms,net,id,updated,place,type,horizontalError,depthError,magError,magNst,status,locationSource,magSource
2026-04-23T08:24:03.931Z,69.184,-144.725,5,2.6,ml,25,88,0.6,0.7,ak,aka2026hygazj,2026-04-23T08:26:31.554Z,"114 km SSW of Kaktovik, Alaska",earthquake,4,,0.4,4,automatic,ak,ak
2026-04-23T07:12:55.378Z,57.275,-153.26,39.3,4.2,ml,203,106,0.1,0.9,ak,aka2026hydrzg,2026-04-23T08:11:44.955Z,"8 km NNE of Old Harbor, Alaska",earthquake,2.6,3.1913,0.2,121,reviewed,ak,ak
2026-04-23T06:31:10.762Z,-20.7822,-176.2603,206.451,5.2,mww,98,45,5.957,1.13,us,us6000ss90,2026-04-23T06:50:08.040Z,"108 km WNW of Houma, Tonga",earthquake,10.31,6.806,0.086,13,reviewed,us,us
2026-04-23T06:31:05.746Z,60.62,-151.018,63.6,2.6,ml,72,48,0.2,0.7,ak,aka2026hychpd,2026-04-23T07:42:36.690Z,"10 km NNE of Ridgeway, Alaska",earthquake,2.2,2.7983,0.2,49,reviewed,ak,ak
2026-04-23T05:30:59.775Z,-57.1,-24.5095,10,5,mb,38,134,7.334,0.93,us,us6000ss8w,2026-04-23T06:12:34.040Z,"South Sandwich Islands region",earthquake,12.64,1.69,0.103,30,reviewed,us,us
2026-04-23T03:42:14.922Z,51.786,-177.314,88.5,3.5,ml,36,140,0.1,0.3,ak,aka2026hxwscl,2026-04-23T04:28:02.539Z,"47 km WSW of Adak, Alaska",earthquake,21.3,2.2537,0.3,26,reviewed,ak,ak
2026-04-23T03:31:36.220Z,19.411833333333,-155.62566666667,0.97,2.8,ml,46,116,0.06883,0.13,hv,hv74941927,2026-04-23T04:37:59.220Z,"25 km E of Honaunau-Napoopoo, Hawaii",earthquake,0.22,0.82,0.14749767573927,39,reviewed,hv,hv
2026-04-23T01:43:46.712Z,51.3012,159.842,10,4.9,mb,44,129,2.239,1.32,us,us6000ss8a,2026-04-23T02:15:03.040Z,"206 km SSE of Vilyuchinsk, Russia",earthquake,9.74,1.902,0.091,38,reviewed,us,us
2026-04-23T00:07:57.051Z,39.6744,143.3289,16.958,4.9,mb,57,150,2.06,0.72,us,us6000ss7p,2026-04-23T00:27:34.040Z,"119 km E of Miyako, Japan",earthquake,8.16,5.11,0.069,65,reviewed,us,us
2026-04-22T23:47:31.930Z,18.5105,-68.8471,157,4.06,md,13,193,0.4657,0.61,pr,pr2026112000,2026-04-23T00:36:39.872Z,"16 km NE of La Romana, Dominican Republic",earthquake,8.77,2.77,0.08,12,reviewed,pr,pr
2026-04-22T23:12:06.028Z,53.932,-165.381,113.7,2.9,ml,40,193,0.3,0.5,ak,aka2026hxntbv,2026-04-23T04:25:02.781Z,"34 km SE of Akutan, Alaska",earthquake,25.4,4.3085,0.3,30,reviewed,ak,ak
2026-04-22T22:04:07.657Z,18.1152,145.2292,363.396,4.5,mb,68,95,12.398,0.53,us,us6000ss74,2026-04-22T22:21:49.040Z,"Pagan region, Northern Mariana Islands",earthquake,11.79,8.596,0.044,155,reviewed,us,us
2026-04-22T21:26:29.642Z,58.7,-151.018,23.6,2.5,ml,44,158,0.7,0.8,ak,aka2026hxkgsy,2026-04-22T22:11:01.202Z,"86 km SSE of Port Graham, Alaska",earthquake,4.4,4.1759,0.2,30,reviewed,ak,ak
2026-04-22T20:49:32.446Z,53.503,-164.895,14.8,2.9,ml,27,218,0.8,1,ak,aka2026hxjajs,2026-04-22T22:05:50.680Z,"91 km SE of Akutan, Alaska",earthquake,6.7,3.0808,0.1,21,reviewed,ak,ak
2026-04-22T20:07:23.573Z,32.063,-103.725,7.7533,2.5,ml,34,33,0,0.1,tx,tx2026hxhqdi,2026-04-23T07:45:58.669Z,"37 km ESE of Malaga, New Mexico",earthquake,0.36035372484901,0.48609779153551,0.1,18,reviewed,tx,tx
2026-04-22T19:55:26.813Z,39.2713,-119.1032,8.0919,3.15,ml,23,58,0.052,0.1769,nn,nn00916102,2026-04-23T02:48:39.743Z,"19 km SSE of Silver Springs, Nevada",earthquake,,1.6352,0.26,10,reviewed,nn,nn
2026-04-22T19:25:23.365Z,52.596,-166.6,10,2.8,ml,12,295,1.2,0.7,ak,aka2026hxgfyu,2026-04-22T21:50:56.704Z,"142 km S of Unalaska, Alaska",earthquake,7.7,0,0.1,8,reviewed,ak,ak
2026-04-22T19:02:41.410Z,19.203,-64.3745,40.95,3.09,md,4,318,0.7095,0.23,pr,pr71514438,2026-04-22T19:44:04.220Z,"106 km NNE of Cruz Bay, U.S. Virgin Islands",earthquake,7.44,19.02,0.18415785584822,4,reviewed,pr,pr
2026-04-22T18:15:00.002Z,-10.9927,113.8493,10,4.7,mb,43,94,2.524,1.12,us,us6000ss58,2026-04-22T20:24:24.040Z,"282 km SSW of Jimbaran, Indonesia",earthquake,7.21,1.913,0.1,30,reviewed,us,us
2026-04-22T17:46:37.429Z,40.1155,142.3557,35,4.5,mb,66,149,1.193,1.03,us,us6000ss57,2026-04-22T20:17:17.040Z,"45 km E of Noda, Japan",earthquake,7.24,1.925,0.074,53,reviewed,us,us
2026-04-22T17:40:50.474Z,53.121,-163.044,10,3.1,ml,22,270,1.6,0.7,ak,aka2026hxcune,2026-04-22T21:46:40.319Z,"194 km S of False Pass, Alaska",earthquake,7.6,0,0.1,16,reviewed,ak,ak
2026-04-22T17:34:50.749Z,39.2785,-119.0851,6.9694,2.81,ml,23,71,0.044,0.1582,nn,nn00916063,2026-04-22T19:06:42.995Z,"19 km SE of Silver Springs, Nevada",earthquake,,1.0888,0.39,12,reviewed,nn,nn
2026-04-22T17:30:19.314Z,39.2817,-119.091,9.6873,2.59,ml,17,89,0.049,0.2774,nn,nn00916056,2026-04-22T22:40:04.364Z,"18 km SE of Silver Springs, Nevada",earthquake,,0.6231,0.28,8,automatic,nn,nn
2026-04-22T17:23:37.085Z,39.2758,-119.0955,3,4.78,mwr,37,58,0.049,0.1935,nn,nn00916046,2026-04-23T09:03:34.171Z,"19 km SE of Silver Springs, Nevada",earthquake,,1.1577,,,reviewed,nn,nn
2026-04-22T17:22:14.362Z,39.2759,-119.1148,4,3.5,mwr,12,85,0.062,0.1726,nn,nn00916042,2026-04-23T05:03:00.884Z,"18 km SSE of Silver Springs, Nevada",earthquake,,4.0524,,,reviewed,nn,nn
2026-04-22T16:58:53.420Z,19.347833333333,-67.360833333333,18.79,3.18,md,6,328,0.907,0.14,pr,pr71514423,2026-04-22T17:36:12.090Z,"98 km NNW of San Antonio, Puerto Rico",earthquake,6.1,12.33,0.029570136315205,5,reviewed,pr,pr
2026-04-22T16:49:32.397Z,55.992,-159.88,10,3.5,ml,72,152,0.3,1.1,ak,aka2026hxbbsz,2026-04-22T20:56:02.910Z,"26 km WNW of Ivanof Bay, Alaska",earthquake,6,0,0.1,48,reviewed,ak,ak
2026-04-22T14:40:38.420Z,17.980833333333,-66.833333333333,10.63,2.71,md,15,156,0.04409,0.22,pr,pr71514408,2026-04-22T14:58:51.480Z,"2 km SW of Indios, Puerto Rico",earthquake,0.43,0.62,0.18469714347096,9,reviewed,pr,pr
2026-04-22T14:35:35.210Z,38.725,-112.46783333333,7.64,3.22,ml,29,56,0.1165,0.21,uu,uu80137836,2026-04-22T16:55:15.259Z,"8 km SSW of Kanosh, Utah",earthquake,0.37,0.91,0.17748747261082,31,reviewed,uu,uu
2026-04-22T13:20:45.869Z,-15.4409,167.4412,120.214,5,mww,90,64,0.23,0.99,us,us6000ss20,2026-04-22T20:23:24.452Z,"31 km ENE of Luganville, Vanuatu",earthquake,8.74,3.769,0.08,15,reviewed,us,us
2026-04-22T12:18:37.573Z,39.9953,142.9285,57.183,5,mb,113,60,1.63,0.56,us,us6000ss1u,2026-04-22T12:34:33.040Z,"93 km ENE of Miyako, Japan",earthquake,7.75,6.318,0.032,311,reviewed,us,us
2026-04-22T12:06:25.539Z,40.3162,142.3004,57.72,4.5,mb,46,182,1.054,0.58,us,us6000ss1s,2026-04-22T12:22:36.040Z,"47 km ENE of Noda, Japan",earthquake,5.73,8.427,0.081,44,reviewed,us,us
2026-04-22T12:04:45.398Z,-10.6533,161.5333,47.37,4.6,mb,21,108,1.974,1.05,us,us6000ss1r,2026-04-22T12:22:28.040Z,"47 km WSW of Kirakira, Solomon Islands",earthquake,10.54,9.494,0.125,19,reviewed,us,us
2026-04-22T11:11:46.916Z,46.8378,92.8983,10,4.9,mb,47,64,7.28,0.69,us,us6000ss1k,2026-04-22T11:29:19.040Z,"160 km SE of Khovd, Mongolia",earthquake,7.62,1.868,0.073,59,reviewed,us,us
2026-04-22T11:11:29.100Z,51.580833333333,-178.39066666667,4.85,3.33,ml,13,190,0.2657,0.19,av,av94160663,2026-04-23T00:02:57.620Z,"125 km WSW of Adak, Alaska",earthquake,0.79,1.56,0.22840899901036,13,reviewed,av,av
2026-04-22T10:05:42.011Z,56.607,-148.275,16.2,2.9,ml,32,234,3,0.4,ak,aka2026hwnrqe,2026-04-22T20:23:54.732Z,"267 km ESE of Chiniak, Alaska",earthquake,15.7,12.8199,0.1,25,reviewed,ak,ak
2026-04-22T09:49:06.823Z,39.9495,143.0654,35,4.2,mb,17,196,1.744,0.39,us,us6000ss1b,2026-04-22T10:08:59.040Z,"102 km ENE of Miyako, Japan",earthquake,8.24,1.994,0.167,10,reviewed,us,us
2026-04-22T09:03:21.100Z,17.960833333333,-66.840666666667,12.27,2.52,md,10,178,0.03936,0.17,pr,pr71514398,2026-04-22T09:25:01.770Z,"4 km SSW of Indios, Puerto Rico",earthquake,0.57,0.58,0.18484087020409,4,reviewed,pr,pr
2026-04-22T08:51:13.248Z,51.2112,-175.9417,10,3,ml,15,239,0.713,0.39,us,us6000ss64,2026-04-23T06:47:44.040Z,"87 km SSE of Adak, Alaska",earthquake,2.91,1.998,0.115,10,reviewed,us,us
2026-04-22T08:35:51.205Z,10.4424,-41.8425,10,4.9,mb,36,66,11.939,0.94,us,us6000ss13,2026-04-22T17:59:09.040Z,"northern Mid-Atlantic Ridge",earthquake,11.49,1.879,0.067,71,reviewed,us,us
2026-04-22T08:09:02.324Z,54.0862,-164.382,76.403,2.7,ml,21,205,0.405,0.51,us,us6000ss61,2026-04-23T06:07:21.040Z,"91 km E of Akutan, Alaska",earthquake,8.83,16.86,0.128,8,reviewed,us,us
2026-04-22T07:40:49.877Z,49.9647,157.1919,35,4.9,mb,74,143,11.542,0.54,us,us6000srzq,2026-04-22T08:10:18.040Z,"109 km SE of Severo-Kuril’sk, Russia",earthquake,8.14,1.844,0.038,219,reviewed,us,us
2026-04-22T07:40:09.500Z,63.567,-150.994,5,2.7,ml,99,16,0.5,1.2,ak,aka2026hwiwfh,2026-04-23T05:51:57.040Z,"36 km E of Denali National Park, Alaska",earthquake,2.1,0,0.2,66,reviewed,ak,ak
2026-04-22T07:07:39.870Z,17.978833333333,-66.758666666667,9.56,2.75,md,29,157,0.05152,0.2,pr,pr71514383,2026-04-22T07:32:04.120Z,"4 km SSE of Magas Arriba, Puerto Rico",earthquake,0.35,0.54,0.045290458352222,7,reviewed,pr,pr
2026-04-22T06:39:42.688Z,32.009,-103.231,7.0227,2.5,ml,28,50,0.1,0.2,tx,tx2026hwgvzh,2026-04-23T05:44:02.040Z,"12 km SSW of Jal, New Mexico",earthquake,0.55441742403969,1.1038808493951,0.2,12,reviewed,tx,tx
2026-04-22T04:44:11.374Z,36.602,-116.0517,8.602,2.5,ml,48,86,0.094,0.1023,nn,nn00915987,2026-04-22T16:33:04.742Z,"34 km W of Indian Springs, Nevada",earthquake,,0.6918,0.2,16,reviewed,nn,nn
2026-04-22T04:23:22.600Z,17.963333333333,-65.377333333333,10.05,3.11,md,21,162,0.3539,0.41,pr,pr71514363,2026-04-22T05:05:01.040Z,"17 km SSE of Esperanza, Puerto Rico",earthquake,0.8,1.06,0.032498700248058,11,reviewed,pr,pr
2026-04-22T04:20:16.700Z,17.9665,-66.8375,12.57,3.03,md,25,174,0.04065,0.2,pr,pr71514348,2026-04-22T05:29:03.400Z,"3 km SSW of Indios, Puerto Rico",earthquake,0.43,0.27,0.055900973691155,13,reviewed,pr,pr
2026-04-22T04:07:57.820Z,17.964166666667,-66.839833333333,12.64,3.15,md,32,176,0.03906,0.3,pr,pr71514338,2026-04-22T04:36:07.650Z,"3 km SSW of Indios, Puerto Rico",earthquake,0.54,0.37,0.061359077399853,15,reviewed,pr,pr
2026-04-22T04:05:50.390Z,32.371,-115.22383333333,10.97,2.55,ml,24,55,0.08399,0.32,ci,ci41446600,2026-04-22T21:45:00.040Z,"3 km WNW of Delta, B.C., MX",earthquake,0.39,1.03,0.16597525382762,35,reviewed,ci,ci
2026-04-22T02:49:12.430Z,19.142166666667,-66.436166666667,46.15,3.17,md,21,244,0.6674,0.32,pr,pr71514323,2026-04-22T03:20:54.360Z,"75 km N of Brenas, Puerto Rico",earthquake,1.55,5.01,0.10320851047177,12,reviewed,pr,pr
2026-04-22T02:29:45.939Z,61.783,-146.813,18.7,2.8,ml,114,27,0.2,1,ak,aka2026hvyotm,2026-04-22T18:25:17.050Z,"23 km S of Nelchina, Alaska",earthquake,1.6,1.6895,0.2,78,reviewed,ak,ak
2026-04-22T02:25:46.580Z,17.967833333333,-66.839666666667,12.97,2.86,md,24,174,0.03836,0.2,pr,pr71514308,2026-04-22T02:45:03.470Z,"3 km SW of Indios, Puerto Rico",earthquake,0.44,0.3,0.10991621169197,9,reviewed,pr,pr
2026-04-22T01:17:16.078Z,51.3923,-175.7009,22.986,2.5,ml,17,237,0.611,0.81,us,us6000ss52,2026-04-22T21:50:59.040Z,"83 km SE of Adak, Alaska",earthquake,3.02,11.844,0.128,8,reviewed,us,us
2026-04-22T00:01:12.294Z,39.9179,143.2055,35,5.3,mww,96,62,1.853,0.59,us,us6000srxu,2026-04-22T12:24:18.726Z,"112 km ENE of Miyako, Japan",earthquake,5.99,1.827,0.103,9,reviewed,us,us
2026-04-21T22:00:30.129Z,-20.2857,-71.0453,10,4.4,mb,23,150,0.858,0.74,us,us6000srxi,2026-04-22T00:30:54.040Z,"93 km W of Puerto, Chile",earthquake,4.29,1.861,0.162,11,reviewed,us,us
2026-04-21T21:04:24.198Z,51.29,-176.057,26.3,3.1,ml,23,229,0.6,0.3,ak,aka2026hvnujx,2026-04-22T17:34:46.407Z,"76 km SSE of Adak, Alaska",earthquake,9.1,4.8009,0.2,15,reviewed,ak,ak
2026-04-21T19:37:08.189Z,50.125,-176.756,18.2,3.1,ml,16,308,1.7,0.4,ak,aka2026hvkxra,2026-04-22T17:27:25.052Z,"194 km S of Adak, Alaska",earthquake,35.4,24.1983,0.1,10,reviewed,ak,ak
2026-04-21T18:44:12.001Z,40.1562,143.4599,35,5.6,mww,103,102,1.871,1.78,us,us6000srvu,2026-04-22T19:12:57.159Z,"140 km E of Noda, Japan",earthquake,7.09,1.852,0.069,20,reviewed,us,us
2026-04-21T18:43:02.208Z,40.2344,143.1277,40.126,4.4,mb,62,134,1.668,0.66,us,us6000srvw,2026-04-21T19:28:59.040Z,"112 km E of Noda, Japan",earthquake,7.81,7.602,0.079,47,reviewed,us,us
2026-04-21T18:02:39.800Z,19.431166666667,-66.004833333333,29.58,3.34,md,14,288,1.071,0.23,pr,pr71514288,2026-04-21T19:18:19.040Z,"107 km N of San Juan, Puerto Rico",earthquake,1.45,16.21,0.13807737862833,10,reviewed,pr,pr
2026-04-21T18:00:35.297Z,53.238,-167.218,4.2,2.5,ml,17,234,0.5,0.3,ak,aka2026hvhrzh,2026-04-22T17:16:47.716Z,"84 km SSW of Unalaska, Alaska",earthquake,9,5.0225,0.2,12,reviewed,ak,ak
2026-04-21T17:12:24.074Z,50.825,-179.289,7.1,3,ml,19,243,0.8,0.9,ak,aka2026hvgclr,2026-04-22T17:12:36.733Z,"218 km WSW of Adak, Alaska",earthquake,9.8,4.4763,0.1,12,reviewed,ak,ak
2026-04-21T16:18:55.418Z,-12.425,-75.5727,102.261,4.5,mb,44,117,1.315,0.74,us,us6000srv3,2026-04-21T18:11:50.040Z,"24 km ESE of Laraos, Peru",earthquake,13.39,9.952,0.064,74,reviewed,us,us
2026-04-21T16:18:10.843Z,40.0783,142.2292,50.385,4.4,mb,60,117,1.138,0.73,us,us6000srv5,2026-04-21T18:01:00.040Z,"35 km E of Noda, Japan",earthquake,3.73,7.805,0.08,45,reviewed,us,us
2026-04-21T15:21:40.809Z,50.816,-179.268,3.3,3.1,ml,19,243,0.8,0.7,ak,aka2026hvclbo,2026-04-22T17:03:29.336Z,"218 km WSW of Adak, Alaska",earthquake,9.6,3.9527,0.1,12,reviewed,ak,ak
2026-04-21T14:52:17.411Z,16.7709,-95.7767,81.326,5,mb,149,150,4.116,0.71,us,us6000sru5,2026-04-22T19:07:30.194Z,"12 km SSW of Santiago Quiavicuzas, Mexico",earthquake,10.51,8.66,0.029,377,reviewed,us,us
2026-04-21T14:26:42.511Z,39.2825,-119.1029,6.3503,2.57,ml,23,61,0.057,0.1294,nn,nn00915938,2026-04-21T17:33:43.040Z,"18 km SE of Silver Springs, Nevada",earthquake,,0.9853,0.35,17,reviewed,nn,nn
2026-04-21T14:24:37.872Z,23.85,94.1865,78.051,4.5,mb,73,52,2.717,0.79,us,us6000sru6,2026-04-21T17:07:34.040Z,"31 km NW of Mawlaik, Burma (Myanmar)",earthquake,8.52,6.731,0.068,63,reviewed,us,us
2026-04-21T14:05:22.320Z,40.801498413086,-123.2054977417,31.85000038147,2.85,md,22,37,0.1419,0.1,nc,nc75349072,2026-04-21T14:27:20.778Z,"24 km WNW of Weaverville, CA",earthquake,0.39,1.00999999,0.17,22,automatic,nc,nc
2026-04-21T12:52:52.340Z,19.181499481201,-155.51683044434,31.85000038147,2.64,ml,54,100,0.05787,0.140000001,hv,hv74940622,2026-04-21T20:07:49.870Z,"4 km WSW of Pāhala, Hawaii",earthquake,0.45,0.629999995,0.33,36,automatic,hv,hv
2026-04-21T12:43:08.380Z,36.021666666667,-117.77916666667,1.74,2.62,ml,41,41,0.01181,0.15,ci,ci41446208,2026-04-21T14:41:58.810Z,"15 km NE of Little Lake, CA",earthquake,0.13,0.16,0.19621650203926,93,reviewed,ci,ci
2026-04-21T11:03:15.713Z,-23.1597,170.8816,10,4.7,mb,28,117,3.214,0.51,us,us6000srtg,2026-04-21T11:38:27.040Z,"southeast of the Loyalty Islands",earthquake,11.48,1.93,0.126,19,reviewed,us,us
2026-04-21T10:30:27.397Z,-62.0123,164.998,10,5.7,mww,25,150,8.18,1.36,us,us6000srtd,2026-04-22T17:25:10.040Z,"Balleny Islands region",earthquake,15.46,1.93,0.059,28,reviewed,us,us
2026-04-21T09:42:19.860Z,18.0896,-68.4703,98,3.57,md,17,192,0.4335,0.57,pr,pr2026111001,2026-04-21T13:37:05.040Z,"35 km SSE of Boca de Yuma, Dominican Republic",earthquake,6.09,3.7,0.21,11,reviewed,pr,pr
2026-04-21T09:26:31.947Z,40.408,-125.6619,10,2.6,ml,24,257,1.177,0.37,us,us6000srt6,2026-04-22T06:24:08.040Z,"119 km W of Ferndale, California",earthquake,3.43,2.015,0.042,74,reviewed,us,us
2026-04-21T08:58:58.590Z,40.351665496826,-124.88933563232,3.0199999809265,3.36,ml,53,246,0.4228,0.36,nc,nc75348987,2026-04-22T08:15:53.040Z,"51 km W of Petrolia, CA",earthquake,3.33,4.38999987,0.239,8,automatic,nc,nc
2026-04-21T08:24:24.922Z,51.114,-179.916,10.8,3.3,ml,16,231,0.6,0.7,ak,aka2026huopmm,2026-04-22T16:23:46.010Z,"243 km WSW of Adak, Alaska",earthquake,8.7,2.9453,0.2,12,reviewed,ak,ak
2026-04-21T07:16:26.472Z,39.3158,-119.0315,9.5165,2.66,ml,26,130,0.065,0.154,nn,nn00915911,2026-04-22T07:37:22.040Z,"19 km ESE of Silver Springs, Nevada",earthquake,,1.1968,0.25,10,reviewed,nn,nn
2026-04-21T06:15:37.270Z,19.0176,-68.5051,7,3.79,md,26,210,0.5187,0.64,pr,pr2026111000,2026-04-21T07:43:46.548Z,"43 km NNE of Otra Banda, Dominican Republic",earthquake,1.44,2.09,0.21,26,reviewed,pr,pr
2026-04-21T05:29:09.335Z,39.8481,143.6273,10,5.4,mww,97,95,2.173,1.03,us,us6000srs6,2026-04-22T05:56:53.876Z,"146 km E of Miyako, Japan",earthquake,7.9,1.856,0.075,17,reviewed,us,us
2026-04-21T05:19:56.456Z,39.862,143.6712,10,4.7,mww,82,133,2.186,0.82,us,us6000srs5,2026-04-21T05:39:42.040Z,"150 km E of Miyako, Japan",earthquake,7.12,1.879,0.103,9,reviewed,us,us
2026-04-21T05:04:22.653Z,57.212,-156.561,7.7,3,ml,29,156,0.4,0.4,ak,aka2026huhzcp,2026-04-22T16:08:58.294Z,"60 km SE of Ugashik, Alaska",earthquake,5.8,2.9174,0.2,40,reviewed,ak,ak
2026-04-21T05:03:20.300Z,18.603166666667,-66.769833333333,13.53,2.69,md,22,213,0.2556,0.18,pr,pr71514113,2026-04-21T05:24:25.570Z,"13 km N of Carrizales, Puerto Rico",earthquake,0.54,0.36,0.15953771883702,14,reviewed,pr,pr
2026-04-21T04:58:35.660Z,18.118666666667,-67.696,39.79,3.05,md,14,192,0.5689,0.5,pr,pr71514123,2026-04-21T05:39:03.610Z,"52 km WSW of Stella, Puerto Rico",earthquake,2.84,4.45,0.036366546162742,5,reviewed,pr,pr
2026-04-21T04:56:45.160Z,18.541166666667,-68.358166666667,30.76,3.23,md,21,137,0.03426,0.25,pr,pr71514108,2026-04-21T05:25:50.850Z,"6 km SE of Punta Cana, Dominican Republic",earthquake,1.38,0.72,0.23842779344605,5,reviewed,pr,pr
2026-04-21T04:48:01.532Z,55.821,-156.329,17.3,2.7,ml,15,259,1.3,0.4,ak,aka2026huhkuu,2026-04-22T05:22:21.729Z,"139 km ESE of Chignik, Alaska",earthquake,21.6,17.4371,0.3,12,reviewed,ak,ak
2026-04-21T03:45:29.244Z,52.322,-168.683,14.3,3.8,ml,42,215,0.7,0.9,ak,aka2026hufjbm,2026-04-22T05:14:47.743Z,"69 km S of Nikolski, Alaska",earthquake,7.5,3.5749,0.3,29,reviewed,ak,ak
2026-04-21T03:37:24.050Z,36.47783333,-98.74033333,8.66,3.05,ml,81,37,0,0.11,ok,ok2026htgn,2026-04-21T03:54:31.574Z,"17 km SE of Waynoka, Oklahoma",earthquake,,0.3,0.2,41,reviewed,ok,ok
2026-04-21T03:31:10.110Z,51.569,-174.877,19.2,3,ml,15,244,0.8,0.5,ak,aka2026huewtl,2026-04-22T05:10:37.564Z,"83 km SSW of Atka, Alaska",earthquake,10.3,6.6341,0.1,13,reviewed,ak,ak
2026-04-21T03:17:07.811Z,-9.068,124.0863,77.167,5.5,mww,43,61,0.706,1.31,us,us6000srrc,2026-04-22T18:10:44.040Z,"35 km WNW of Pante Makasar, Timor Leste",earthquake,8.79,8.93,0.078,16,reviewed,us,us
2026-04-21T02:48:33.938Z,45.8576,-74.8481,10.804,2.5,mb_lg,19,69,0.415,0.28,us,us6000srr8,2026-04-22T02:32:01.040Z,"23 km NE of Saint-André-Avellin, Canada",earthquake,2.53,2.365,0.295,3,reviewed,us,us
2026-04-21T02:35:47.967Z,39.8608,143.1656,35.352,4.8,mb,53,133,1.855,0.64,us,us6000srr7,2026-04-21T02:56:06.040Z,"107 km ENE of Miyako, Japan",earthquake,7.01,7.134,0.045,153,reviewed,us,us
2026-04-21T02:34:08.278Z,39.2705,-119.1103,7.1937,2.57,ml,24,59,0.057,0.1629,nn,nn00915900,2026-04-21T16:02:29.981Z,"18 km SSE of Silver Springs, Nevada",earthquake,,1.2841,0.36,16,reviewed,nn,nn
2026-04-21T02:22:21.410Z,0.3364,-78.3232,129.427,5.2,mww,108,24,0.36,0.97,us,us6000srr2,2026-04-22T02:41:42.601Z,"7 km WNW of Cotacachi, Ecuador",earthquake,6.76,3.704,0.045,47,reviewed,us,us
2026-04-21T02:17:48.029Z,52.0097,160.3252,23.354,4.7,mb,38,163,1.944,0.8,us,us6000srr3,2026-04-21T02:42:10.040Z,"164 km SE of Petropavlovsk-Kamchatsky, Russia",earthquake,13.52,7.455,0.08,48,reviewed,us,us
2026-04-21T01:36:00.717Z,55.642,-159.802,79.4,2.8,ml,29,187,0.5,0.6,ak,aka2026hubbob,2026-04-22T05:05:14.924Z,"35 km SW of Ivanof Bay, Alaska",earthquake,11.5,3.4277,0.2,22,reviewed,ak,ak
2026-04-21T00:59:08.058Z,33.6435,137.7548,327.279,4,mb,51,137,1.983,0.52,us,us6000srqn,2026-04-21T01:56:59.040Z,"114 km SE of Shima, Japan",earthquake,13.66,8.6,0.075,48,reviewed,us,us
2026-04-21T00:29:35.894Z,24.6039,94.5961,100.552,5,mb,85,43,3.395,0.52,us,us6000srqj,2026-04-21T23:05:45.712Z,"53 km E of Wāngjing, India",earthquake,9.67,1.875,0.045,155,reviewed,us,us
2026-04-21T00:17:49.906Z,-3.4874,127.2516,119.215,4.5,mb,23,120,2.839,0.36,us,us6000srqi,2026-04-21T01:30:17.040Z,"106 km WNW of Ambon, Indonesia",earthquake,14.55,9.404,0.121,20,reviewed,us,us
2026-04-21T00:08:27.796Z,23.219,94.7634,107.807,4.7,mb,121,50,2.009,0.59,us,us6000srqg,2026-04-21T01:06:45.040Z,"59 km SE of Mawlaik, Burma (Myanmar)",earthquake,8.13,5.883,0.055,99,reviewed,us,us
2026-04-20T23:36:58.810Z,19.271833333333,-65.855833333333,25.92,3.15,md,16,251,0.9816,0.29,pr,pr71514073,2026-04-21T01:10:59.040Z,"92 km NNE of San Juan, Puerto Rico",earthquake,1.18,19.63,0.08865930027889,13,reviewed,pr,pr
2026-04-20T23:26:41.426Z,-14.4599,-76.708,10,4.3,mb,11,171,2.461,0.55,us,us6000srq4,2026-04-21T00:02:08.040Z,"81 km SW of Paracas, Peru",earthquake,10.36,1.99,0.148,13,reviewed,us,us
2026-04-20T22:42:59.963Z,44.6038,-129.0109,10,3.3,ml,44,288,3.729,0.6,us,us6000srpu,2026-04-20T22:57:31.040Z,"off the coast of Oregon",earthquake,13.02,2.026,0.05,52,reviewed,us,us
2026-04-20T21:59:56.780Z,1.1357,-85.3693,10,4.6,mb,27,158,6.9,0.79,us,us6000srpn,2026-04-20T22:49:42.040Z,"off the coast of Ecuador",earthquake,10.88,1.968,0.136,16,reviewed,us,us
2026-04-20T21:57:25.790Z,35.1785,-117.367,5.26,3.18,ml,65,30,0.1758,0.14,ci,ci41445912,2026-04-20T23:54:19.440Z,"33 km SE of Johannesburg, CA",earthquake,0.13,0.7,0.15745876468953,335,reviewed,ci,ci
2026-04-20T21:25:54.920Z,-6.6633,131.9536,10,4.5,mb,14,177,2.947,0.43,us,us6000srpg,2026-04-20T22:07:46.040Z,"144 km SW of Tual, Indonesia",earthquake,6.95,1.952,0.18,9,reviewed,us,us
2026-04-20T21:16:10.401Z,2.6467,122.9309,484.842,4.4,mb,76,72,5.125,0.65,us,us6000srpc,2026-04-20T21:44:05.040Z,"233 km N of Gorontalo, Indonesia",earthquake,10.63,7.962,0.068,62,reviewed,us,us
2026-04-20T21:07:20.795Z,16.0782,121.926,10,4.5,mb,36,119,7.288,0.83,us,us6000srph,2026-04-20T21:55:17.040Z,"35 km SE of Dumabato, Philippines",earthquake,13.15,1.926,0.103,28,reviewed,us,us
2026-04-20T20:39:19.901Z,54.792,-156.947,35.1,3.3,ml,66,218,1.8,0.5,ak,aka2026htrhen,2026-04-22T04:19:33.025Z,"186 km SE of Perryville, Alaska",earthquake,8.1,21.4213,0.2,46,reviewed,ak,ak
2026-04-20T20:31:55.740Z,40.324333190918,-125.28099822998,1.5900000333786,2.68,md,24,263,0.7185,0.26,nc,nc75348762,2026-04-20T21:12:21.993Z,"84 km W of Petrolia, CA",earthquake,5.38,22.7000008,0.09,8,automatic,nc,nc
2026-04-20T19:22:45.040Z,53.583,-164.692,24.9,2.7,ml,18,240,0.8,0.4,ak,aka2026htoruq,2026-04-22T04:15:00.771Z,"94 km SE of Akutan, Alaska",earthquake,10.8,5.7647,0.1,10,reviewed,ak,ak
2026-04-20T18:47:05.797Z,-2.374,139.1482,10,5.3,mb,55,60,1.56,1.12,us,us6000srn6,2026-04-20T19:03:58.040Z,"166 km W of Abepura, Indonesia",earthquake,7.91,1.855,0.053,122,reviewed,us,us
2026-04-20T17:38:19.357Z,31.634,-104.439,6.3721,3,ml,36,73,0,0.1,tx,tx2026htlfxr,2026-04-20T18:26:30.040Z,"60 km S of Whites City, New Mexico",earthquake,0.7856815315993,0.68405153385119,0.1,34,reviewed,tx,tx
2026-04-20T17:35:10.160Z,32.119,-101.055,6.8848,3.3,ml,55,61,0.2,0.2,tx,tx2026htlatb,2026-04-20T23:51:53.808Z,"26 km S of Westbrook, Texas",earthquake,0.63389948326422,1.9485071436495,0.1,39,reviewed,tx,tx
2026-04-20T17:26:03.820Z,17.983666666667,-66.834833333333,17.24,2.7,md,18,168,0.04314,0.29,pr,pr71514053,2026-04-20T17:46:40.920Z,"2 km SW of Indios, Puerto Rico",earthquake,0.7,0.46,0.16608547391774,9,reviewed,pr,pr
2026-04-20T17:21:31.074Z,57.326,-155.841,71,3,ml,94,143,0.4,0.7,ak,aka2026htkrka,2026-04-22T04:07:17.262Z,"87 km WSW of Karluk, Alaska",earthquake,5.1,2.8043,0.3,67,reviewed,ak,ak
2026-04-20T17:17:02.681Z,50.9191,-178.4456,10,3.8,mb,51,216,0.676,0.9,us,us6000srms,2026-04-20T18:22:34.040Z,"164 km SW of Adak, Alaska",earthquake,5.03,1.974,0.099,26,reviewed,us,us
2026-04-20T17:04:58.716Z,59.469,-151.945,54.3,2.7,ml,62,120,0.6,0.7,ak,aka2026htkddq,2026-04-20T17:13:11.040Z,"12 km N of Nanwalek, Alaska",earthquake,3.6,3.4367,0.6,4,automatic,ak,ak
2026-04-20T16:13:17.100Z,39.4793,143.4588,37.502,4.4,mb,72,135,2.254,0.53,us,us6000srkt,2026-04-20T17:07:59.040Z,"129 km E of Yamada, Japan",earthquake,5.38,6.86,0.075,52,reviewed,us,us
2026-04-20T16:11:41.909Z,60.641,-149.411,4.1,2.6,ml,80,60,0.4,1,ak,aka2026htijgz,2026-04-21T22:15:13.183Z,"17 km N of Moose Pass, Alaska",earthquake,2.4,1.7169,0.1,53,reviewed,ak,ak
2026-04-20T16:08:08.275Z,57.805,-154.359,63.5,2.8,ml,94,104,0.5,0.5,ak,aka2026htigfl,2026-04-21T22:13:55.428Z,"26 km NNE of Karluk, Alaska",earthquake,3.8,2.9512,0.3,67,reviewed,ak,ak
2026-04-20T15:44:52.705Z,52.1867,176.4828,9.032,4.4,mb,81,168,1.31,0.78,us,us6000srkj,2026-04-21T22:12:51.561Z,"235 km ESE of Attu Station, Alaska",earthquake,11.32,4.622,0.054,99,reviewed,us,us
2026-04-20T14:42:01.262Z,51.454,-176.668,38.5,2.6,ml,11,251,0.4,0.2,ak,aka2026htfjzm,2026-04-21T22:01:51.941Z,"46 km S of Adak, Alaska",earthquake,15.7,6.7881,0.2,6,reviewed,ak,ak
2026-04-20T14:15:29.099Z,39.856,143.2291,34.135,4.7,mb,60,109,1.899,0.65,us,us6000srka,2026-04-20T16:22:50.040Z,"112 km ENE of Miyako, Japan",earthquake,8.12,4.794,0.064,74,reviewed,us,us
2026-04-20T14:02:38.020Z,39.3168,-119.0511,3,3.39,mwr,15,148,0.066,0.1409,nn,nn00915849,2026-04-21T19:56:09.358Z,"18 km SE of Silver Springs, Nevada",earthquake,,1.7685,,,reviewed,nn,nn
2026-04-20T13:40:08.915Z,39.327,-119.0391,9.5095,2.52,ml,19,70,0.076,0.1131,nn,nn00915845,2026-04-22T17:29:43.040Z,"18 km ESE of Silver Springs, Nevada",earthquake,,1.2624,0.3,12,reviewed,nn,nn
2026-04-20T13:26:20.940Z,40.362333333333,-124.94483333333,11.52,3.56,ml,131,234,0.4663,0.24,nc,nc75348572,2026-04-22T17:26:50.040Z,"56 km W of Petrolia, CA",earthquake,0.53,0.9,0.148,75,reviewed,nc,nc
2026-04-20T12:56:45.171Z,39.5889,143.4485,10,5.1,mb,89,101,2.184,0.7,us,us6000srjx,2026-04-20T13:13:33.040Z,"129 km E of Yamada, Japan",earthquake,7.93,1.854,0.032,328,reviewed,us,us
2026-04-20T11:44:37.901Z,10.8663,125.9345,35,4.6,mb,62,101,20.553,0.48,us,us6000srjn,2026-04-20T13:28:04.833Z,"14 km ESE of Sulangan, Philippines",earthquake,12.3,1.877,0.072,58,reviewed,us,us
2026-04-20T11:28:58.377Z,39.6552,143.035,24.628,4.5,mb,91,121,1.887,0.45,us,us6000srjl,2026-04-20T11:56:19.040Z,"93 km E of Miyako, Japan",earthquake,7.3,2.521,0.061,79,reviewed,us,us
2026-04-20T11:09:57.546Z,39.2787,-119.0981,7.4169,2.67,ml,23,77,0.052,0.1506,nn,nn00915825,2026-04-20T17:29:08.695Z,"18 km SE of Silver Springs, Nevada",earthquake,,1.4993,0.33,11,reviewed,nn,nn
2026-04-20T10:50:00.840Z,40.35950088501,-125.00866699219,12.119999885559,2.65,md,33,259,0.5142,0.31,nc,nc75348512,2026-04-20T12:07:23.310Z,"61 km W of Petrolia, CA",earthquake,2.94,3.1400001,0.1,10,automatic,nc,nc
2026-04-20T10:44:16.040Z,39.4819,143.2471,47.565,5,mb,50,97,2.122,0.57,us,us6000srj9,2026-04-20T10:59:48.040Z,"111 km E of Yamada, Japan",earthquake,8.69,6.806,0.039,215,reviewed,us,us
2026-04-20T10:41:33.940Z,40.346666666667,-124.901,13.63,3.61,ml,171,225,0.4309,0.23,nc,nc75348507,2026-04-22T10:51:44.194Z,"52 km W of Petrolia, CA",earthquake,0.56,0.72,0.149,97,reviewed,nc,nc
2026-04-20T10:37:35.156Z,39.4355,143.4179,28.474,4.4,mb,50,180,2.255,1.33,us,us6000srj8,2026-04-21T11:19:26.040Z,"126 km E of Yamada, Japan",earthquake,8.57,6.864,0.079,46,reviewed,us,us
2026-04-20T09:56:23.431Z,63.065,-150.942,132,2.6,ml,84,30,0.5,0.5,ak,aka2026hsvxwa,2026-04-21T11:19:08.040Z,"64 km N of Petersville, Alaska",earthquake,2.6,2.4235,0.2,36,reviewed,ak,ak
2026-04-20T09:54:45.442Z,51.0635,179.3113,43.284,4.7,mb,45,215,0.315,0.74,us,us6000srix,2026-04-20T23:53:53.444Z,"295 km WSW of Adak, Alaska",earthquake,5.8,9.323,0.078,49,reviewed,us,us
2026-04-20T09:49:43.363Z,39.7888,143.2807,25,5.1,mb,64,95,1.968,0.54,us,us6000sriv,2026-04-20T10:09:10.040Z,"115 km E of Miyako, Japan",earthquake,7.62,1.897,0.033,289,reviewed,us,us
2026-04-20T09:31:43.075Z,57.821,-156.243,133.2,3,ml,62,77,0.1,0.7,ak,aka2026hsvcpm,2026-04-20T23:40:40.323Z,"76 km ENE of Ugashik, Alaska",earthquake,6.3,2.1679,0.6,33,reviewed,ak,ak
2026-04-20T08:38:30.511Z,59.998,-142.048,14.3,2.5,ml,25,165,0.2,1,ak,aka2026hstirg,2026-04-20T23:32:54.533Z,"139 km WNW of Yakutat, Alaska",earthquake,5,2.0428,0.1,13,reviewed,ak,ak
2026-04-20T08:32:46.679Z,39.6393,143.2591,24.452,5.6,mb,36,97,2.035,0.56,us,us6000srih,2026-04-22T10:34:37.727Z,"113 km E of Miyako, Japan",earthquake,4.88,5.274,0.095,39,reviewed,us,us
2026-04-20T08:27:52.181Z,60.52,-139.965,10.1,3,ml,13,91,0.6,0.5,ak,aka2026hsszoo,2026-04-20T23:29:39.591Z,"109 km N of Yakutat, Alaska",earthquake,5.8,2.9194,0.1,8,reviewed,ak,ak
2026-04-20T08:25:31.882Z,60.586,-139.895,11.7,3,ml,15,87,0.6,1,ak,aka2026hssxob,2026-04-20T23:29:05.739Z,"116 km N of Yakutat, Alaska",earthquake,5.9,2.9649,0.1,9,reviewed,ak,ak
2026-04-20T07:53:00.185Z,39.9532,143.0462,35,7.4,mww,101,34,1.729,0.91,us,us6000sri7,2026-04-22T18:33:33.278Z,"100 km ENE of Miyako, Japan",earthquake,6.05,1.867,0.036,73,reviewed,us,us
2026-04-20T07:42:58.072Z,39.2816,-119.0893,8.539,2.81,ml,24,73,0.048,0.142,nn,nn00915788,2026-04-21T06:31:43.040Z,"18 km SE of Silver Springs, Nevada",earthquake,,1.4079,0.45,11,reviewed,nn,nn
2026-04-20T07:04:23.455Z,-32.4235,-178.3141,10,5.1,mb,32,96,3.185,0.73,us,us6000srhw,2026-04-20T07:24:19.040Z,"south of the Kermadec Islands",earthquake,10.79,1.904,0.106,29,reviewed,us,us
2026-04-20T06:07:29.786Z,56.3943,-149.2556,10,2.9,ml,74,209,2.793,0.79,us,us6000srpy,2026-04-21T07:00:04.040Z,"228 km SE of Chiniak, Alaska",earthquake,4.25,1.998,0.057,40,reviewed,us,us
2026-04-20T06:05:38.120Z,38.714,-112.47433333333,9.21,2.51,md,27,64,0.1065,0.16,uu,uu80137331,2026-04-22T17:26:18.280Z,"10 km SSW of Kanosh, Utah",earthquake,0.28,0.65,0.16088366527544,21,reviewed,uu,uu
2026-04-20T05:40:42.650Z,51.0896,-178.3541,15.235,3.2,ml,25,227,0.547,0.85,us,us6000srpd,2026-04-21T07:17:05.040Z,"147 km SW of Adak, Alaska",earthquake,3.76,7.571,0.105,12,reviewed,us,us
2026-04-20T05:19:35.993Z,-7.9677,124.3047,183.138,5.2,mb,32,117,1.777,0.65,us,us6000srhi,2026-04-20T05:33:05.040Z,"122 km NW of Maubara, Timor Leste",earthquake,10.39,7.956,0.105,30,reviewed,us,us
2026-04-20T05:19:05.660Z,18.3235,-67.352,13.12,2.66,md,10,274,0.2698,0.49,pr,pr71514028,2026-04-20T05:32:55.570Z,"10 km W of Rincón, Puerto Rico",earthquake,2.2,1.35,0.11546513613022,6,reviewed,pr,pr
2026-04-20T03:47:03.766Z,-4.3965,144.3557,137.532,4.7,mb,33,91,3.807,0.54,us,us6000srh9,2026-04-20T04:01:57.040Z,"48 km SE of Angoram, Papua New Guinea",earthquake,9.09,7.955,0.126,19,reviewed,us,us
2026-04-20T03:42:50.690Z,39.3174,-119.0535,8.2906,2.84,ml,10,145,0.067,0.1228,nn,nn00915760,2026-04-20T17:03:43.304Z,"18 km SE of Silver Springs, Nevada",earthquake,,2.1433,0.19,4,reviewed,nn,nn
2026-04-20T03:18:03.930Z,18.4438,-68.8855,122,3.89,md,18,226,0.5089,0.02,pr,pr2026110000,2026-04-20T04:37:08.040Z,"9 km E of La Romana, Dominican Republic",earthquake,1.36,0.87,0.04,7,reviewed,pr,pr
2026-04-20T02:44:54.900Z,18.7215,-64.998166666667,13.76,3,md,12,214,0.3693,0.44,pr,pr71513998,2026-04-20T03:11:10.240Z,"42 km N of Charlotte Amalie, U.S. Virgin Islands",earthquake,1.53,3.19,0.06019165286645,4,reviewed,pr,pr
2026-04-20T02:33:59.080Z,62.52,-152.613,160.1,2.7,ml,105,48,0.7,0.7,ak,aka2026hshgpz,2026-04-20T21:00:41.660Z,"86 km NW of Skwentna, Alaska",earthquake,2.7,2.0957,0.3,66,reviewed,ak,ak
2026-04-20T01:54:05.820Z,37.508666992188,-118.82917022705,3.8199999332428,2.53,md,30,88,0.08122,0.06,nc,nc75348337,2026-04-20T02:32:26.412Z,"14 km WSW of Toms Place, CA",earthquake,0.23,1.07000005,0.19,32,automatic,nc,nc
2026-04-20T01:47:32.799Z,53.111,-166.605,27.6,2.6,ml,12,265,0.7,0.4,ak,aka2026hsfspo,2026-04-20T20:52:25.623Z,"85 km S of Unalaska, Alaska",earthquake,12.4,5.5504,0.2,7,reviewed,ak,ak
2026-04-20T01:25:47.650Z,19.172,-64.7595,6.77,3.29,md,11,271,0.7578,0.18,pr,pr71513988,2026-04-20T01:48:29.390Z,"93 km N of Cruz Bay, U.S. Virgin Islands",earthquake,2.48,2.1,0.018844655959699,7,reviewed,pr,pr
2026-04-20T01:21:17.359Z,-49.6804,117.3139,10,5.4,mww,33,62,16.737,0.47,us,us6000srgj,2026-04-21T01:45:13.519Z,"western Indian-Antarctic Ridge",earthquake,10.89,1.858,0.075,17,reviewed,us,us
2026-04-20T01:20:47.440Z,43.6472,-127.9661,10,3.1,ml,47,247,2.843,0.87,us,us6000srgf,2026-04-20T01:33:54.040Z,"294 km W of Bandon, Oregon",earthquake,11.76,2.022,0.041,80,reviewed,us,us
2026-04-20T00:53:48.610Z,36.212166666667,-117.9775,2.55,3,ml,38,48,0.1038,0.18,ci,ci41445272,2026-04-20T14:26:39.743Z,"8 km SSE of Olancha, CA",earthquake,0.19,0.79,0.16193624817015,104,reviewed,ci,ci
2026-04-20T00:37:18.890Z,19.224,-64.675333333333,41.48,3.32,md,10,273,0.7743,0.15,pr,pr71513983,2026-04-20T03:18:24.040Z,"99 km N of Cruz Bay, U.S. Virgin Islands",earthquake,3.13,9.41,0.097809186347555,7,reviewed,pr,pr
2026-04-20T00:19:20.366Z,-32.6068,-177.4235,10,4.9,mb,27,204,3.379,0.89,us,us6000srg8,2026-04-20T03:09:42.040Z,"south of the Kermadec Islands",earthquake,11.09,1.974,0.136,18,reviewed,us,us
2026-04-19T23:52:30.000Z,-32.291,-177.9764,10,5.2,mb,35,136,3.036,0.56,us,us6000srg6,2026-04-20T00:31:34.040Z,"south of the Kermadec Islands",earthquake,11.51,1.936,0.103,31,reviewed,us,us
2026-04-19T23:35:40.182Z,67.154,-164.463,28.9,3.5,ml,52,155,1.1,1.2,ak,aka2026hsbiyx,2026-04-20T05:52:58.183Z,"63 km S of Kivalina, Alaska",earthquake,6.1,12.4382,0.2,34,reviewed,ak,ak
2026-04-19T22:33:44.754Z,-5.4325,127.2998,401.341,4.5,mb,23,61,2.748,0.46,us,us6000srft,2026-04-20T02:33:13.040Z,"215 km SSW of Ambon, Indonesia",earthquake,8.89,9.084,0.156,12,reviewed,us,us
2026-04-19T22:31:02.580Z,19.051000595093,-155.37783813477,31.840000152588,3.35,ml,53,207,0.1309,0.140000001,hv,hv74939067,2026-04-20T22:52:22.670Z,"19 km SSE of Pāhala, Hawaii",earthquake,0.47,0.660000026,0.35,42,automatic,hv,hv
2026-04-19T21:59:09.111Z,39.2784,-119.0981,8.5619,2.66,ml,23,77,0.052,0.161,nn,nn00915706,2026-04-20T23:05:31.842Z,"18 km SE of Silver Springs, Nevada",earthquake,,1.527,0.4,11,reviewed,nn,nn
2026-04-19T21:23:04.041Z,31.672,-104.343,5.5872,2.8,ml,29,70,0.1,0.1,tx,tx2026hrwvmf,2026-04-19T21:41:33.040Z,"55 km S of Whites City, New Mexico",earthquake,0.8257263790585,0.97431252003935,0.2,18,reviewed,tx,tx
2026-04-19T21:08:51.238Z,24.9518,123.149,167.92,4.1,mb,18,84,0.498,0.46,us,us6000srfi,2026-04-20T01:46:43.040Z,"55 km NNE of Yonakuni, Japan",earthquake,8.94,6.759,0.213,6,reviewed,us,us
2026-04-19T20:18:09.330Z,18.942,-67.417166666667,17.94,2.82,md,9,316,0.554,0.11,pr,pr71513973,2026-04-19T21:00:53.020Z,"60 km NW of San Antonio, Puerto Rico",earthquake,4.42,8.86,0.11487961815249,5,reviewed,pr,pr
2026-04-19T19:55:37.128Z,-32.4336,-177.9473,10,4.9,mb,27,184,3.178,0.71,us,us6000srf6,2026-04-19T20:13:51.040Z,"south of the Kermadec Islands",earthquake,10.93,1.969,0.116,23,reviewed,us,us
2026-04-19T19:31:58.393Z,39.2718,-119.0865,8.7735,2.89,ml,24,80,0.041,0.1432,nn,nn00915666,2026-04-20T21:56:34.837Z,"19 km SE of Silver Springs, Nevada",earthquake,,1.3582,0.34,11,reviewed,nn,nn
2026-04-19T19:02:28.362Z,54.54,-159.97,4.4,2.5,ml,12,271,1.3,0.5,ak,aka2026hrshqc,2026-04-21T21:48:54.336Z,"94 km SSE of Sand Point, Alaska",earthquake,8.8,4.8803,0.1,10,reviewed,ak,ak
2026-04-19T19:01:11.844Z,-32.5493,-178.079,10,4.7,mb,23,194,3.296,0.34,us,us6000srez,2026-04-19T19:25:31.040Z,"south of the Kermadec Islands",earthquake,7.77,1.982,0.13,18,reviewed,us,us
2026-04-19T18:35:44.623Z,3.4763,126.5524,35,4.8,mb,59,84,3.699,0.54,us,us6000sret,2026-04-19T18:58:05.040Z,"244 km SSE of Sarangani, Philippines",earthquake,10.53,1.91,0.066,72,reviewed,us,us
2026-04-19T18:20:30.446Z,44.8173,149.3882,35,4.4,mb,66,144,4.913,0.76,us,us6000sren,2026-04-19T18:49:52.040Z,"127 km ESE of Kuril’sk, Russia",earthquake,12.38,1.94,0.064,71,reviewed,us,us
2026-04-19T18:20:00.432Z,-17.97,-69.8069,135.478,4.5,mb,22,78,0.461,0.96,us,us6000srel,2026-04-19T18:38:29.040Z,"26 km SE of Palca, Peru",earthquake,7.27,4.834,0.124,19,reviewed,us,us
2026-04-19T17:38:53.937Z,39.2806,-119.0993,6.9148,2.89,ml,26,60,0.054,0.1872,nn,nn00915634,2026-04-20T22:08:57.491Z,"18 km SE of Silver Springs, Nevada",earthquake,,1.1837,0.41,16,reviewed,nn,nn
2026-04-19T17:34:47.472Z,-15.1256,-173.6164,36,6.1,mww,77,39,2.149,0.6,us,us6000sred,2026-04-20T18:01:27.337Z,"93 km NNE of Hihifo, Tonga",earthquake,9.7,1.945,0.04,59,reviewed,us,us
2026-04-19T17:22:09.427Z,53.1095,-161.8923,10,3.4,mb,25,234,2.177,0.59,us,us6000sre7,2026-04-21T21:54:48.567Z,"218 km SSE of False Pass, Alaska",earthquake,4.99,2.011,0.186,7,reviewed,us,us
2026-04-19T17:17:58.829Z,-32.3555,-178.4606,10,4.3,mb,12,149,3.134,0.33,us,us6000srea,2026-04-19T20:15:16.040Z,"south of the Kermadec Islands",earthquake,8.96,1.934,0.188,9,reviewed,us,us
2026-04-19T17:15:54.532Z,52.971,-161.85,33.5,3.3,ml,33,251,2,0.5,ak,aka2026hrotps,2026-04-21T21:52:52.354Z,"233 km SSE of False Pass, Alaska",earthquake,6,9.3749,0.1,25,reviewed,ak,ak
2026-04-19T17:15:01.400Z,39.3439,-119.0145,6.8508,2.97,ml,27,78,0.064,0.2133,nn,nn00915630,2026-04-19T17:27:18.869Z,"19 km ESE of Silver Springs, Nevada",earthquake,,1.9267,0.16,15,reviewed,nn,nn
2026-04-19T16:52:09.102Z,39.265,-119.0951,6.6789,2.95,ml,22,91,0.044,0.144,nn,nn00915622,2026-04-20T21:50:24.386Z,"20 km SSE of Silver Springs, Nevada",earthquake,,1.8726,0.21,11,reviewed,nn,nn
2026-04-19T15:42:48.287Z,61.582,-150.9,77.4,3.2,ml,153,18,0.5,0.8,ak,aka2026hrlrni,2026-04-21T21:40:15.295Z,"21 km WNW of Susitna, Alaska",earthquake,1.6,1.7992,0.1,104,reviewed,ak,ak
2026-04-19T15:18:04.545Z,52.8619,160.779,23.562,4.9,mb,55,139,14.861,0.97,us,us6000srd5,2026-04-19T16:06:58.040Z,"146 km E of Petropavlovsk-Kamchatsky, Russia",earthquake,12.93,5.386,0.037,224,reviewed,us,us
2026-04-19T14:47:11.248Z,39.2757,-119.102,10.2144,2.87,ml,30,59,0.053,0.2674,nn,nn00915556,2026-04-20T15:43:17.790Z,"18 km SE of Silver Springs, Nevada",earthquake,,0.4707,0.27,12,automatic,nn,nn
2026-04-19T14:43:47.970Z,38.724,-112.46616666667,4.07,3.63,ml,28,63,0.1153,0.2,uu,uu80137106,2026-04-22T21:52:34.479Z,"8 km SSW of Kanosh, Utah",earthquake,0.34,1.6,0.23022017637436,24,reviewed,uu,uu
2026-04-19T14:42:44.399Z,39.3139,-119.0656,6.278,4.1,mwr,56,82,0.355,0.62,us,us6000srkh,2026-04-21T15:49:57.909Z,"17 km SE of Silver Springs, Nevada",earthquake,1.6,7.105,0.048,41,reviewed,us,us
2026-04-19T14:39:16.331Z,39.2685,-119.0857,6,4.73,mwr,11,90,0.039,0.1626,nn,nn00915543,2026-04-22T18:09:06.308Z,"20 km SE of Silver Springs, Nevada",earthquake,,2.0833,,,reviewed,nn,nn
2026-04-19T13:58:15.262Z,39.2739,-119.0979,7.1843,2.59,ml,27,63,0.05,0.1495,nn,nn00915516,2026-04-20T22:56:48.172Z,"19 km SE of Silver Springs, Nevada",earthquake,,1.6455,0.36,11,reviewed,nn,nn
2026-04-19T13:47:13.720Z,38.730666666667,-112.46483333333,6.78,3.31,md,36,56,0.1218,0.2,uu,uu80137056,2026-04-22T17:42:48.987Z,"8 km SSW of Kanosh, Utah",earthquake,0.27,0.75,0.19444749377315,32,reviewed,uu,uu
2026-04-19T13:25:26.769Z,51.613,-176.922,62.1,2.9,ml,19,208,0.2,0.4,ak,aka2026hrhddb,2026-04-21T21:21:56.437Z,"35 km SW of Adak, Alaska",earthquake,20.5,5.3358,0.3,14,reviewed,ak,ak
2026-04-19T13:10:17.890Z,39.2773,-119.0932,9.6749,2.59,ml,29,74,0.048,0.2905,nn,nn00915498,2026-04-20T22:03:15.153Z,"19 km SE of Silver Springs, Nevada",earthquake,,0.4932,0.17,12,automatic,nn,nn
2026-04-19T13:00:04.467Z,52.6768,161.094,10,4.6,mb,32,149,2.102,0.58,us,us6000srbm,2026-04-19T14:07:27.040Z,"171 km ESE of Petropavlovsk-Kamchatsky, Russia",earthquake,7.13,1.946,0.09,37,reviewed,us,us
2026-04-19T12:57:17.363Z,39.328,-119.0267,8.1863,2.83,ml,26,75,0.078,0.1515,nn,nn00915484,2026-04-20T22:02:44.162Z,"19 km ESE of Silver Springs, Nevada",earthquake,,0.944,0.32,15,reviewed,nn,nn
2026-04-19T12:51:56.452Z,39.2709,-119.1004,7.536,2.88,ml,15,86,0.05,0.1296,nn,nn00915473,2026-04-19T15:12:56.758Z,"19 km SSE of Silver Springs, Nevada",earthquake,,1.6974,0.29,9,reviewed,nn,nn
2026-04-19T12:50:27.882Z,60.5182,-139.9208,5.531,2.9,ml,28,110,0.616,1,us,us6000srbd,2026-04-21T21:20:53.931Z,"108 km N of Yakutat, Alaska",earthquake,4.12,7.907,0.038,92,reviewed,us,us
2026-04-19T12:45:14.930Z,39.2579,-119.0964,7.5747,2.77,ml,11,104,0.044,0.2948,nn,nn00915463,2026-04-22T23:04:27.754Z,"20 km SSE of Silver Springs, Nevada",earthquake,,3.8487,0.31,6,reviewed,nn,nn
2026-04-19T12:43:31.056Z,39.2754,-119.0985,3,4.15,mwr,8,87,0.051,0.1932,nn,nn00915459,2026-04-21T19:54:18.020Z,"18 km SE of Silver Springs, Nevada",earthquake,,3.194,,,reviewed,nn,nn
2026-04-19T12:25:15.229Z,43.6301,-127.568,10,2.9,ml,22,266,2.555,0.89,us,us6000srb4,2026-04-19T12:37:03.040Z,"262 km WNW of Bandon, Oregon",earthquake,9.2,2.023,0.038,90,reviewed,us,us
2026-04-19T12:03:43.151Z,-5.0791,151.3039,162.461,4.3,mb,54,143,1.23,0.87,us,us6000srb1,2026-04-19T12:26:35.040Z,"134 km SW of Kokopo, Papua New Guinea",earthquake,9.67,7.115,0.079,46,reviewed,us,us
2026-04-19T11:45:29.040Z,38.733833333333,-112.46783333333,4.13,3.3,md,37,56,0.1252,0.23,uu,uu80136966,2026-04-22T17:30:51.762Z,"7 km SSW of Kanosh, Utah",earthquake,0.33,1.22,0.19800595182308,31,reviewed,uu,uu
2026-04-19T11:34:33.501Z,60.58,-151.994,87.7,2.6,ml,106,37,0.3,0.8,ak,aka2026hrdloq,2026-04-21T21:15:01.020Z,"37 km W of Salamatof, Alaska",earthquake,2.1,1.7064,0.2,73,reviewed,ak,ak
2026-04-19T11:04:37.148Z,60.403,-151.148,4.9,2.5,ml,63,54,0.4,0.9,ak,aka2026hrclud,2026-04-21T21:10:09.395Z,"8 km ESE of Kalifornsky, Alaska",earthquake,1.6,1.2687,0.2,43,reviewed,ak,ak
2026-04-19T10:45:09.021Z,51.328,-175.771,12.3,3.6,ml,20,238,0.7,0.7,ak,aka2026hrbvan,2026-04-19T16:17:03.989Z,"85 km SE of Adak, Alaska",earthquake,7.8,3.0094,0.2,15,reviewed,ak,ak
2026-04-19T10:45:01.020Z,34.7585,92.9189,10,4.5,mb,60,94,5.264,0.58,us,us6000srak,2026-04-19T11:24:29.040Z,"Southern Qinghai, China",earthquake,7.03,1.86,0.075,52,reviewed,us,us
2026-04-19T10:41:56.321Z,-6.1199,127.6178,395.008,4.4,mb,46,31,2.775,0.59,us,us6000srai,2026-04-19T11:06:41.040Z,"274 km NNE of Lospalos, Timor Leste",earthquake,9.61,9.747,0.096,31,reviewed,us,us
2026-04-19T10:04:13.990Z,19.682,-64.1848,33,3.74,md,17,289,1.2112,0.41,pr,pr2026109000,2026-04-19T15:01:53.453Z,"162 km NNE of Cruz Bay, U.S. Virgin Islands",earthquake,2.57,25.68,0.16,15,reviewed,pr,pr
2026-04-19T09:03:20.194Z,45.1412,151.2608,10,4.7,mb,65,182,6.269,0.86,us,us6000srab,2026-04-19T09:38:31.040Z,"266 km E of Kuril’sk, Russia",earthquake,11.03,1.93,0.046,144,reviewed,us,us
2026-04-19T08:55:44.488Z,8.0885,-83.1369,10,4.4,mb,20,142,1.171,0.82,us,us6000sra9,2026-04-19T11:55:25.040Z,"29 km W of Limones, Panama",earthquake,7.52,1.935,0.155,12,reviewed,us,us
2026-04-19T08:07:34.113Z,-21.7318,68.814,10,4.9,mb,34,67,5.461,0.92,us,us6000sra6,2026-04-19T08:23:23.040Z,"Mid-Indian Ridge",earthquake,11.67,1.877,0.108,27,reviewed,us,us
2026-04-19T07:38:58.300Z,18.816833333333,-64.743333333333,5.96,2.85,md,6,242,0.4114,0.44,pr,pr71513948,2026-04-19T08:19:13.450Z,"54 km N of Cruz Bay, U.S. Virgin Islands",earthquake,1.78,3.54,0.032839524507952,4,reviewed,pr,pr
2026-04-19T07:04:38.681Z,34.861,25.8633,10,4.8,mb,59,96,0.905,0.9,us,us6000sr9u,2026-04-19T07:38:24.040Z,"20 km SSE of Ierápetra, Greece",earthquake,4.3,1.587,0.056,98,reviewed,us,us
2026-04-19T06:37:45.940Z,37.537333333333,-113.20366666667,2.2,3.08,md,27,40,0.109,0.2,uu,uu80136961,2026-04-22T17:25:28.127Z,"1 km W of Kanarraville, Utah",earthquake,0.34,2.46,0.2253224588274,15,reviewed,uu,uu
2026-04-19T06:31:03.170Z,17.975,-66.822,11.69,2.87,md,20,164,0.0545,0.25,pr,pr71513938,2026-04-19T07:04:25.460Z,"2 km S of Indios, Puerto Rico",earthquake,0.61,0.53,0.073743591431771,4,reviewed,pr,pr
2026-04-19T06:23:52.084Z,67.205,-153.58,7.8,2.8,ml,55,64,0,0.9,ak,aka2026hqtdva,2026-04-19T07:21:05.040Z,"81 km NNW of Alatna, Alaska",earthquake,3,2.4638,0.1,37,reviewed,ak,ak
2026-04-19T05:35:16.689Z,-32.1851,-178.2523,10,5.2,mb,25,82,2.944,1.07,us,us6000sr9c,2026-04-19T05:53:38.040Z,"south of the Kermadec Islands",earthquake,6.8,1.895,0.064,80,reviewed,us,us
2026-04-19T05:13:53.280Z,-25.083,-179.3423,406.582,4.2,mb,19,129,4.332,0.76,us,us6000sr99,2026-04-19T07:16:04.040Z,"south of the Fiji Islands",earthquake,17.26,15.257,0.136,15,reviewed,us,us
2026-04-19T05:09:07.830Z,32.264333333333,-115.3215,10.63,2.91,ml,36,67,0.1328,0.37,ci,ci41444792,2026-04-19T15:44:07.360Z,"15 km WNW of Alberto Oviedo Mota, B.C., MX",earthquake,0.45,1.16,0.14406600099473,71,reviewed,ci,ci
2026-04-19T04:20:10.041Z,51.077,-175.8212,10,3.2,ml,15,258,0.867,0.53,us,us6000sr9r,2026-04-21T21:35:25.040Z,"105 km SSE of Adak, Alaska",earthquake,3.44,2.006,0.128,8,reviewed,us,us
2026-04-19T04:15:58.037Z,31.668,-104.363,6.9202,3.3,ml,35,69,0.1,0.1,tx,tx2026hqoxqm,2026-04-20T04:30:42.804Z,"56 km S of Whites City, New Mexico",earthquake,0.65647518606639,0.70505527398968,0.2,28,reviewed,tx,tx
2026-04-19T03:45:47.266Z,31.706,-104.129,6.5228,3.3,ml,42,75,0.1,0.1,tx,tx2026hqnvbf,2026-04-19T05:22:16.632Z,"50 km W of Mentone, Texas",earthquake,0.38688611900467,0.51729362164438,0.2,40,reviewed,tx,tx
2026-04-19T03:40:33.943Z,-22.5581,-177.9092,356.065,4.5,mb,30,128,6.108,1.04,us,us6000sr8m,2026-04-19T04:01:26.040Z,"south of the Fiji Islands",earthquake,13.1,9.182,0.083,45,reviewed,us,us
2026-04-19T03:12:29.997Z,-32.039,-177.8862,10,4.9,mb,21,157,2.785,1.34,us,us6000sr8i,2026-04-19T03:27:57.040Z,"south of the Kermadec Islands",earthquake,8.46,1.952,0.15,17,reviewed,us,us
2026-04-19T02:09:08.699Z,-33.5193,-70.1998,108.469,4.1,mb,24,91,0.127,0.5,us,us6000sr8a,2026-04-21T21:46:51.040Z,"35 km E of Villa Presidente Frei, Chile",earthquake,4.53,4.77,0.261,4,reviewed,us,us
2026-04-19T02:07:54.610Z,18.971166666667,-64.5155,8.2,3.28,md,15,272,0.4902,0.25,pr,pr71513928,2026-04-19T02:27:07.480Z,"76 km NNE of Cruz Bay, U.S. Virgin Islands",earthquake,1.59,1.85,0.061782491088776,7,reviewed,pr,pr
2026-04-19T01:37:19.850Z,40.316,-124.66516666667,17.22,2.72,md,21,280,0.2482,0.13,nc,nc75347412,2026-04-22T21:52:19.568Z,"32 km W of Petrolia, CA",earthquake,2.45,0.8,0.165,30,reviewed,nc,nc
2026-04-19T00:18:31.790Z,19.293,-155.23433333333,1.34,2.83,ml,50,139,0.01486,0.17,hv,hv74938562,2026-04-21T00:44:21.540Z,"16 km S of Volcano, Hawaii",earthquake,0.25,0.33,0.23796418345215,41,reviewed,hv,hv
2026-04-19T00:05:33.406Z,57.3,-154.758,54.6,2.9,ml,76,150,0.8,0.5,ak,aka2026hqgpvw,2026-04-19T06:23:37.485Z,"35 km SSW of Karluk, Alaska",earthquake,3.8,4.8593,0.2,54,reviewed,ak,ak
2026-04-19T00:01:49.588Z,1.2292,96.9803,10,4.3,mb,20,178,0.6,1.03,us,us6000sr7y,2026-04-19T01:17:07.040Z,"70 km W of Gunungsitoli, Indonesia",earthquake,3.79,1.908,0.142,14,reviewed,us,us
2026-04-18T23:58:04.372Z,63.069,-149.167,3.9,2.7,ml,94,23,0.3,0.9,ak,aka2026hqgjkb,2026-04-19T04:22:54.317Z,"37 km SSW of Cantwell, Alaska",earthquake,2.1,2.0296,0.1,68,reviewed,ak,ak
2026-04-18T23:56:47.822Z,-8.0836,-74.4617,145.954,4.2,mb,14,122,4.532,0.54,us,us6000sr7v,2026-04-19T00:23:12.040Z,"34 km NNE of Pucallpa, Peru",earthquake,13.21,14.099,0.147,13,reviewed,us,us
2026-04-18T22:58:21.630Z,18.124833333333,-66.364666666667,5.65,2.54,md,14,127,0.1563,0.21,pr,pr71513918,2026-04-18T23:15:07.840Z,"5 km N of Coamo, Puerto Rico",earthquake,0.38,0.49,0.21496873982568,13,reviewed,pr,pr
2026-04-18T22:48:36.230Z,19.2025,-155.3745,30.42,2.5,ml,39,171,0.04105,0.11,hv,hv74938517,2026-04-21T00:54:21.690Z,"10 km E of Pāhala, Hawaii",earthquake,0.45,0.59,0.15283253118735,32,reviewed,hv,hv
2026-04-18T22:21:37.320Z,19.6765,-64.256166666667,49.65,3.4,md,10,305,1.188,0.29,pr,pr71513908,2026-04-19T20:44:29.040Z,"159 km NNE of Cruz Bay, U.S. Virgin Islands",earthquake,5.56,20.03,0.121565501633,4,reviewed,pr,pr
2026-04-18T22:09:25.250Z,19.746,-64.3775,34,3.9,md,22,277,1.2557,0.2,pr,pr2026108000,2026-04-18T23:05:36.040Z,"162 km NNE of Cruz Bay, U.S. Virgin Islands",earthquake,1.44,13.9,0.07,15,reviewed,pr,pr
2026-04-18T20:25:56.350Z,39.3025,-119.1115,9.4289,3.02,ml,29,68,0.075,0.0967,nn,nn00915371,2026-04-19T12:59:36.672Z,"15 km SE of Silver Springs, Nevada",earthquake,,0.92,0.25,15,reviewed,nn,nn
2026-04-18T20:06:51.170Z,1.2529,97.2066,18,5.7,mww,89,62,0.372,0.84,us,us6000sr5z,2026-04-19T20:36:28.931Z,"45 km W of Gunungsitoli, Indonesia",earthquake,5.73,1.819,0.073,18,reviewed,us,us
2026-04-18T19:47:56.432Z,53.5838,-166.4199,96.975,2.7,ml,22,200,0.267,0.28,us,us6000sr9f,2026-04-19T20:41:58.040Z,"33 km SSE of Unalaska, Alaska",earthquake,10.67,13.103,0.097,14,reviewed,us,us
2026-04-18T19:46:52.017Z,-5.5774,146.9923,173.523,4.8,mb,61,44,3.53,1.07,us,us6000sr5w,2026-04-18T20:15:50.858Z,"126 km N of Lae, Papua New Guinea",earthquake,6.31,7.557,0.053,107,reviewed,us,us
2026-04-18T18:53:08.100Z,57.091,-156.51,80.4,3.9,ml,179,151,0.5,0.7,ak,aka2026hpwgqc,2026-04-19T05:59:16.046Z,"71 km SE of Ugashik, Alaska",earthquake,3.8,1.9358,0.2,120,reviewed,ak,ak
2026-04-18T18:29:59.392Z,-32.3563,-178.1329,12,5.4,mww,151,41,3.106,0.84,us,us6000sr5n,2026-04-21T16:45:43.630Z,"south of the Kermadec Islands",earthquake,7.78,1.693,0.048,42,reviewed,us,us
2026-04-18T18:24:54.608Z,31.5799,50.0323,10,4.7,mb,69,77,5.046,0.9,us,us6000sr5m,2026-04-18T18:41:12.040Z,"52 km NE of Rāmhormoz, Iran",earthquake,11.05,1.883,0.054,105,reviewed,us,us
2026-04-18T17:58:38.636Z,54.455,-161.791,7.5,2.5,ml,17,230,0.6,0.6,ak,aka2026hpulsb,2026-04-19T05:50:41.618Z,"75 km SSE of King Cove, Alaska",earthquake,6.9,3.0984,0.2,13,reviewed,ak,ak
2026-04-18T17:57:02.061Z,2.7054,-84.3734,10,4.2,mb,30,94,6.407,0.38,us,us6000sr5i,2026-04-18T22:06:12.040Z,"off the coast of Central America",earthquake,8.73,1.957,0.167,10,reviewed,us,us
2026-04-18T17:54:41.415Z,54.753,-156.891,5,3.4,ml,63,227,1.8,1.1,ak,aka2026hpuile,2026-04-18T21:31:46.040Z,"192 km SE of Perryville, Alaska",earthquake,6.9,,0.1,8,automatic,ak,ak
2026-04-18T17:25:15.397Z,63.56,-150.925,3.6,2.6,ml,66,33,0.7,0.9,ak,aka2026hptixr,2026-04-19T05:47:13.942Z,"39 km E of Denali National Park, Alaska",earthquake,2.3,2.1126,0.1,47,reviewed,ak,ak
2026-04-18T16:38:25.449Z,39.3311,-119.0361,8.679,2.54,ml,25,69,0.08,0.0846,nn,nn00915337,2026-04-18T23:49:20.736Z,"18 km ESE of Silver Springs, Nevada",earthquake,,0.714,0.23,18,reviewed,nn,nn
2026-04-18T16:03:47.888Z,-32.0023,-178.1955,32.486,5,mww,121,67,2.758,0.68,us,us6000sr4y,2026-04-21T15:55:26.040Z,"south of the Kermadec Islands",earthquake,9.77,3.8,0.103,9,reviewed,us,us
2026-04-18T15:32:22.639Z,-12.8628,168.7119,620.016,4.4,mb,99,45,2.956,0.77,us,us6000sr4r,2026-04-18T15:51:37.040Z,"168 km NE of Sola, Vanuatu",earthquake,11.28,8.378,0.051,112,reviewed,us,us
2026-04-18T15:02:58.377Z,-10.6438,161.5999,32,5.8,mww,243,17,2.02,0.73,us,us6000sr4k,2026-04-21T14:47:47.493Z,"40 km WSW of Kirakira, Solomon Islands",earthquake,6.72,1.751,0.04,59,reviewed,us,us
2026-04-18T14:26:11.865Z,28.3075,103.5102,10,4.5,mb,36,68,8.535,0.77,us,us6000sr4f,2026-04-18T14:54:11.040Z,"83 km WSW of Shuanglong, China",earthquake,10.39,1.902,0.097,31,reviewed,us,us
2026-04-18T13:15:09.117Z,51.42,-179.6701,35,5,mb,51,175,0.552,0.96,us,us6000sr43,2026-04-22T13:25:20.951Z,"216 km WSW of Adak, Alaska",earthquake,2.14,1.937,0.035,261,reviewed,us,us
2026-04-18T12:29:21.049Z,60.197,-159.114,6,2.5,ml,19,82,0.5,0.6,ak,aka2026hpjoks,2026-04-19T03:59:57.099Z,"106 km NNW of Aleknagik, Alaska",earthquake,3.9,3.5754,0.2,15,reviewed,ak,ak
2026-04-18T12:19:25.366Z,39.3093,-119.055,7.2918,3.18,ml,16,144,0.059,0.1578,nn,nn00915285,2026-04-21T22:56:03.761Z,"18 km SE of Silver Springs, Nevada",earthquake,,2.2287,0.31,6,reviewed,nn,nn
2026-04-18T12:16:26.188Z,-32.0442,-177.9073,10,5.2,mb,48,75,2.79,0.83,us,us6000sr3w,2026-04-18T12:32:30.040Z,"south of the Kermadec Islands",earthquake,12.32,1.873,0.101,32,reviewed,us,us
2026-04-18T12:15:48.541Z,-31.9639,-178.1147,10,4.8,mb,30,151,2.715,0.58,us,us6000sr3x,2026-04-18T12:42:28.040Z,"Kermadec Islands region",earthquake,14.19,1.927,0.102,30,reviewed,us,us
2026-04-18T12:01:20.423Z,15.0254,122.284,10,4.6,mb,46,114,8.375,1.12,us,us6000sr3t,2026-04-18T12:57:54.040Z,"26 km ENE of Karligan, Philippines",earthquake,12.05,1.903,0.085,41,reviewed,us,us
2026-04-18T11:35:31.180Z,36.187333333333,-120.1425,4.43,2.9,mh,11,171,0.1066,0.08,nc,nc75347037,2026-04-22T19:07:19.472Z,"4 km WSW of Huron, CA",earthquake,0.48,1.2,,0,reviewed,nc,nc
2026-04-18T11:23:00.510Z,53.7749,-164.2812,30.014,2.5,ml,17,222,0.722,0.59,us,us6000sr93,2026-04-19T04:45:51.040Z,"105 km ESE of Akutan, Alaska",earthquake,4.97,14.117,0.105,12,reviewed,us,us
2026-04-18T11:04:56.276Z,0.213,125.7153,30.56,5,mb,51,66,6.296,1.28,us,us6000sr3p,2026-04-18T11:21:24.040Z,"144 km E of Modisi, Indonesia",earthquake,9.1,1.057,0.093,37,reviewed,us,us
2026-04-18T10:47:54.936Z,-32.0876,-178.0627,10,5.9,mww,48,53,2.836,1.06,us,us6000sr3l,2026-04-20T16:35:39.040Z,"south of the Kermadec Islands",earthquake,12.03,1.869,0.061,26,reviewed,us,us
2026-04-18T10:24:58.972Z,6.7773,-73.089,162.185,4.6,mb,42,118,2.278,0.86,us,us6000sr3g,2026-04-19T04:57:08.040Z,"4 km N of Jordán, Colombia",earthquake,12.99,11.982,0.029,365,reviewed,us,us
2026-04-18T10:23:40.737Z,0.2372,125.7661,35,4.9,mb,42,90,6.28,0.79,us,us6000sr3h,2026-04-18T10:44:33.040Z,"149 km E of Modisi, Indonesia",earthquake,9.66,1.935,0.081,48,reviewed,us,us
2026-04-18T09:32:01.590Z,-15.2935,-173.153,10,4.8,mb,30,104,1.912,1.39,us,us6000sr3d,2026-04-18T09:49:27.040Z,"100 km NE of Hihifo, Tonga",earthquake,10.25,1.883,0.05,123,reviewed,us,us
2026-04-18T08:49:28.122Z,24.8222,63.0675,10,4.3,mb,36,240,6.234,0.68,us,us6000sr38,2026-04-18T09:07:22.040Z,"63 km SW of Pasni, Pakistan",earthquake,9.66,1.98,0.101,28,reviewed,us,us
2026-04-18T07:08:48.438Z,56.464,-148.843,20.9,3.1,ml,27,232,2.9,0.6,ak,aka2026hoyxka,2026-04-19T03:45:10.063Z,"244 km ESE of Chiniak, Alaska",earthquake,15.7,18.9647,0.2,18,reviewed,ak,ak
2026-04-18T06:54:27.509Z,55.689,-160.731,125.6,2.7,ml,25,165,0.6,0.3,ak,aka2026hoyleu,2026-04-19T03:42:05.483Z,"41 km NNW of Sand Point, Alaska",earthquake,19.3,2.9975,0.4,18,reviewed,ak,ak
2026-04-18T06:09:25.350Z,43.2088,-127.0084,10,2.6,ml,40,265,2.154,0.58,us,us6000sr2p,2026-04-18T06:35:39.040Z,"210 km W of Langlois, Oregon",earthquake,10.77,2.023,0.042,76,reviewed,us,us
2026-04-18T06:04:35.041Z,6.4842,60.2475,10,4.9,mb,46,87,12.062,0.64,us,us6000sr2q,2026-04-18T06:23:29.040Z,"Carlsberg Ridge",earthquake,10.89,1.902,0.091,38,reviewed,us,us
2026-04-18T05:59:58.199Z,6.409,60.2178,10,5.5,mww,50,89,11.982,0.7,us,us6000sr2n,2026-04-19T06:24:48.069Z,"Carlsberg Ridge",earthquake,10.72,1.896,0.093,11,reviewed,us,us
2026-04-18T05:54:30.799Z,36.5388,137.9099,10,4.9,mww,135,57,0.237,0.69,us,us6000sr2i,2026-04-18T07:10:57.147Z,"5 km NE of Ōmachi, Japan",earthquake,7.84,1.863,0.11,8,reviewed,us,us
2026-04-18T05:35:49.482Z,60.291,-152.323,97.6,3.5,ml,202,30,0.3,0.9,ak,aka2026hovvir,2026-04-18T06:47:43.355Z,"45 km NW of Ninilchik, Alaska",earthquake,1.7,1.213,0.2,132,reviewed,ak,ak
2026-04-18T04:40:12.867Z,45.7789,151.8949,35,5.2,mww,77,121,6.806,0.92,us,us6000sr27,2026-04-18T05:28:00.040Z,"Kuril Islands",earthquake,9.82,1.872,0.08,15,reviewed,us,us
2026-04-18T04:37:12.871Z,-5.6651,129.9006,205.269,4.4,mb,20,82,1.135,0.87,us,us6000sr22,2026-04-18T05:11:15.040Z,"279 km SSE of Amahai, Indonesia",earthquake,11.95,9.657,0.17,10,reviewed,us,us
2026-04-18T04:20:05.328Z,36.5483,137.8494,10,4.9,mb,51,81,0.286,0.82,us,us6000sr1y,2026-04-18T06:11:13.109Z,"5 km NNW of Ōmachi, Japan",earthquake,6.67,1.883,0.043,168,reviewed,us,us
2026-04-18T04:06:49.223Z,-31.8112,-178.0379,10,4.9,mb,18,177,2.559,1.07,us,us6000sr31,2026-04-18T21:30:22.040Z,"Kermadec Islands region",earthquake,15.12,1.653,0.155,14,reviewed,us,us
2026-04-18T03:51:51.026Z,51.4166,-177.8752,54.531,3.2,ml,12,234,0.34,0.18,us,us6000sr2h,2026-04-18T21:16:20.040Z,"99 km WSW of Adak, Alaska",earthquake,5.09,9.612,0.115,10,reviewed,us,us
2026-04-18T03:16:12.311Z,36.5606,70.9008,186.074,4.5,mb,66,61,2.156,0.73,us,us6000sr1k,2026-04-18T03:32:32.040Z,"34 km S of Jurm, Afghanistan",earthquake,5.54,6.572,0.057,90,reviewed,us,us
2026-04-18T02:54:20.073Z,36.6199,70.7871,198.753,5.3,mww,63,36,2.163,1.38,us,us6000sr1e,2026-04-18T05:11:16.234Z,"27 km S of Jurm, Afghanistan",earthquake,4.4,6.643,0.086,13,reviewed,us,us
2026-04-18T02:22:15.490Z,32.0352,-93.3774,9.415,2.5,ml,6,112,0.03,0.76,us,us6000srfv,2026-04-22T23:59:56.341Z,"4 km NW of Coushatta, Louisiana",earthquake,2.3,1.309,0.128,8,reviewed,us,us
2026-04-18T02:14:33.982Z,1.2229,126.076,35,4.7,mb,37,90,6.87,0.9,us,us6000sr16,2026-04-18T02:43:17.040Z,"108 km ESE of Bitung, Indonesia",earthquake,10.08,1.918,0.086,46,reviewed,us,us
2026-04-18T02:08:08.409Z,-21.041,-68.2538,118.068,4.5,mb,29,81,1.152,1.2,us,us6000sr12,2026-04-18T02:28:45.040Z,"20 km N of Ollagüe, Chile",earthquake,6.43,7.807,0.127,19,reviewed,us,us
2026-04-18T01:59:30.821Z,39.3175,-119.0629,6.2168,2.55,ml,20,88,0.069,0.1176,nn,nn00915193,2026-04-19T00:52:35.151Z,"17 km SE of Silver Springs, Nevada",earthquake,,1.2536,0.28,14,reviewed,nn,nn
2026-04-18T00:47:40.114Z,51.1904,-178.4573,37.903,2.8,ml,15,220,0.427,0.86,us,us6000sr10,2026-04-18T02:39:12.040Z,"147 km WSW of Adak, Alaska",earthquake,3.98,13.678,0.105,14,reviewed,us,us
2026-04-18T00:28:21.763Z,45.3903,150.9639,35,5,mb,57,137,6.095,0.8,us,us6000sr09,2026-04-18T00:54:58.040Z,"242 km E of Kuril’sk, Russia",earthquake,10.25,1.919,0.037,235,reviewed,us,us
